{
    "Volcanes":[
        {
            "name":"orosi",
            "location":{"lat":10.9788148591123, "lng":-85.4797004627446},
            "link":"rsn.ucr.ac.cr/component/content/article/109-vulcanologia/volcanes-de-costa-rica-ii/24-orosi?Itemid=225"
        },
        {
            "name":"rincon_vieja",
            "location":{"lat":10.822707507585, "lng":-85.3356752770823},
            "link":"rsn.ucr.ac.cr/component/content/article/109-vulcanologia/volcanes-de-costa-rica-ii/27-rincon-de-la-vieja?Itemid=225"
        },
        {
            "name":"miravalles",
            "location":{"lat":10.7469339650569, "lng":-85.1475956466478},
            "link":"rsn.ucr.ac.cr/component/content/article/109-vulcanologia/volcanes-de-costa-rica-ii/23-miravalles?Itemid=225"
        },
        {
            "name":"tenorio",
            "location":{"lat":10.6813945299494, "lng":-85.0202223344072},
            "link":"rsn.ucr.ac.cr/component/content/article/109-vulcanologia/volcanes-de-costa-rica-ii/29-tenorio?Itemid=225"
        },
        {
            "name":"chopo",
            "location":{"lat":10.4787562964237, "lng":-85.0623821848793},
            "link":"rsn.ucr.ac.cr/component/content/article/109-vulcanologia/volcanes-de-costa-rica-ii/77-chopo?Itemid=225"
        },
        {
            "name":"arenal",
            "location":{"lat":10.4620840291817, "lng":-84.7002395642709},
            "link":"rsn.ucr.ac.cr/component/content/article/109-vulcanologia/volcanes-de-costa-rica-ii/17-arenal?Itemid=225"
        },
        {
            "name":"chato",
            "location":{"lat":10.4419948133238, "lng":-84.687836658117},
            "link":"rsn.ucr.ac.cr/component/content/article/109-vulcanologia/volcanes-de-costa-rica-ii/18-chato?Itemid=225"
        },
        {
            "name":"platanar",
            "location":{"lat":10.2968076373501, "lng":-84.362984336657},
            "link":"rsn.ucr.ac.cr/component/content/article/109-vulcanologia/volcanes-de-costa-rica-ii/25-platanar?Itemid=225"
        },
        {
            "name":"porvenir",
            "location":{"lat":10.2696597563123, "lng":-84.3595298934504},
            "link":"rsn.ucr.ac.cr/component/content/article/109-vulcanologia/volcanes-de-costa-rica-ii/26-porvenir?Itemid=225"
        },
        {
            "name":"laguna_rio_cuarto",
            "location":{"lat":10.3564238935569, "lng":-84.216040851221},
            "link": "rsn.ucr.ac.cr/component/content/article/109-vulcanologia/volcanes-de-costa-rica-ii/19-laguna-rio-cuarto?Itemid=225"
        },
        {
            "name":"congo",
            "location":{"lat":10.2546256714124, "lng":-84.2270813380555},
            "link":"rsn.ucr.ac.cr/component/content/article/109-vulcanologia/volcanes-de-costa-rica-ii/28-congo?Itemid=225"
        },
        {
            "name":"poas",
            "location":{"lat":10.1870668319264, "lng":-84.226303224243},
            "link":"rsn.ucr.ac.cr/component/content/article/109-vulcanologia/volcanes-de-costa-rica-ii/31-poas?Itemid=225"
        },
        {
            "name":"barva",
            "location":{"lat":10.1312418980482, "lng":-84.1026790556968},
            "link":"rsn.ucr.ac.cr/component/content/article/109-vulcanologia/volcanes-de-costa-rica-ii/76-barva?Itemid=225"
        },
        {
            "name":"cacho_negro",
            "location":{"lat":10.1991219132516, "lng":-84.0481558171196},
            "link":"rsn.ucr.ac.cr/component/content/article/109-vulcanologia/volcanes-de-costa-rica-ii/22-cacho-negro"
        },
        {
            "name":"irazu",
            "location":{"lat":9.98075830201104, "lng":-83.8482327238042},
            "link":"rsn.ucr.ac.cr/component/content/article/109-vulcanologia/volcanes-de-costa-rica-ii/21-irazu?Itemid=225"
        },
        {
            "name":"turrialba",
            "location":{"lat":10.0173955052383, "lng":-83.7565106766633},
            "link":"rsn.ucr.ac.cr/component/content/article/109-vulcanologia/volcanes-de-costa-rica-ii/32-turrialba?Itemid=225"
        },
        {
            "name":"tortuguero",
            "location":{"lat":10.5841790812787, "lng":-83.526547557643},
            "link":"rsn.ucr.ac.cr/component/content/article/109-vulcanologia/volcanes-de-costa-rica-ii/30-tortuguero?Itemid=225"
        },
        {
            "name":"laguna_hule",
            "location":{"lat":10.297220320344, "lng":-84.2146035392868},
            "link":"rsn.ucr.ac.cr/component/content/article/109-vulcanologia/volcanes-de-costa-rica-ii/20-laguna-hule?Itemid=225"
        },
        {
            "name":"cerro_pelado",
            "location":{"lat":10.3678029143837, "lng":-85.0187537842583},
            "link":"rsn.ucr.ac.cr/component/content/article/109-vulcanologia/volcanes-de-costa-rica-ii/78-pelado?Itemid=225"
        },
        {
            "name":"agua_zarcas",
            "location":{"lat":10.4391255499373, "lng":-84.3285379891743},
            "link":"rsn.ucr.ac.cr/component/content/article/109-vulcanologia/volcanes-de-costa-rica-ii/16-aguas-zarcas?Itemid=225"
        }
    ]
}
